Name,NGOs,Empty
http://www.desmosdirect.org/Profiles/0a7da2bb-3531-43c2-958f-9111065889c4/eeeek-peiraia,,
http://www.desmosdirect.org/Profiles/0af3af45-0997-44bd-b775-b2a6b74710fe/aitima,,
http://www.desmosdirect.org/Profiles/0b1b56a1-b5fe-47ce-be77-bb8044802744/google,,
http://www.desmosdirect.org/Profiles/0ba2da2a-ed40-4b4d-b772-d6b22b6f6bae/starfish-foundation,Αστερίας-Starfish,
http://www.desmosdirect.org/Profiles/0cb7597e-c89a-4545-b2ea-f1d941765eae/plision,,
http://www.desmosdirect.org/Profiles/0ef5c5c1-5534-4868-9964-e317cc822e8d/prwtoboylia-allileggyis-chioy,,
http://www.desmosdirect.org/Profiles/1a9e8e6a-1d18-4b01-8abd-887139265720/domi-parochis-basikwn-agathwn-ilioy,,
http://www.desmosdirect.org/Profiles/1aa54a49-4705-4e97-bd30-24602dbe00ce/elliniko-symboylio-gia-toys-prosfyges,,
http://www.desmosdirect.org/Profiles/1aeaa4c7-1308-4007-85e1-fef9147b68a5/day-center-epapsy,,
http://www.desmosdirect.org/Profiles/1bba8a2c-fef0-4649-897b-3982b7ba0685/kentro-zwis-thessalonikis,,
http://www.desmosdirect.org/Profiles/1bc62af3-8bee-4e8a-b065-c8b2d00c3b3f/mda-ellas,,
http://www.desmosdirect.org/Profiles/1c8469f6-2f2d-4058-a2f7-b365b846c2da/swma-filwn-amea-drasi-gia-to-kati-allo,,
http://www.desmosdirect.org/Profiles/1e8b84c8-27d5-43cf-8a64-bc76500aa177/ekapsy,,
http://www.desmosdirect.org/Profiles/1ebc843d-6542-4357-a3f3-b4230e019af3/dogs'-voice-,Dogs’ Voice,
http://www.desmosdirect.org/Profiles/1f5e77d3-8ca5-40b7-8cb6-c0c8e88e6dc1/grammi-zwis-silver-alert,,
http://www.desmosdirect.org/Profiles/1f9b8ba0-dc2c-424f-986a-f7c070a9653a/oikotrofeio-oi-agioi-anargyroi,,
http://www.desmosdirect.org/Profiles/1f77dc08-6aec-4d91-8309-29d61a8cd460/a-discovering-network-asbl,,
http://www.desmosdirect.org/Profiles/1fcd8693-cb6d-47f3-ab14-749e45acc981/panellinios-sllogos-eyaisthitopoiisis-myikis-dystrofias-duchenne--becker,,
http://www.desmosdirect.org/Profiles/2a194c29-8800-451e-8207-005a27f9ab02/arsis-thessalonikis,,
http://www.desmosdirect.org/Profiles/2c1a021b-e74a-4c2d-82d2-e772bdde0705/meatpro,,
http://www.desmosdirect.org/Profiles/2c7f4f04-4b83-4f7e-81c2-186b82ab560b/to-peribolaki,,
http://www.desmosdirect.org/Profiles/2cf1bd04-977b-442d-9bd6-532474ca4875/arones,,
http://www.desmosdirect.org/Profiles/2d5c4509-a7df-4b7a-8fb5-44d0ccfcc5bf/xenwnas-brefwn-sos,,
http://www.desmosdirect.org/Profiles/2d0934f8-299c-4027-9cb7-17e36434a6c2/little-giants-greece,littleGIANTS Greece,
http://www.desmosdirect.org/Profiles/2eed21d6-9c21-44d7-bb27-27038926d5d9/hopespot,,
http://www.desmosdirect.org/Profiles/2f14af6e-4075-4d84-99db-38c5947d3c99/neoiorizontes,,
http://www.desmosdirect.org/Profiles/03a4eff1-ad00-46c2-a626-c711055acef7/oasis-apexartisi,,
http://www.desmosdirect.org/Profiles/3b1d6662-33d9-4111-8031-f5fb8f5d3781/vgeorgakoudi,,
http://www.desmosdirect.org/Profiles/03b71f78-93d5-4921-a9b7-01ef69e1be80/omilos-unesco-gia-ton-politismo-tis-eirinis,,
"http://www.desmosdirect.org/Profiles/3bc892ba-a530-4134-a9fe-efd73b37fde1/12-thesio-dim-sch,-skalas-wrwpoy-kai-newn-palatiwn",,
http://www.desmosdirect.org/Profiles/3be38a0c-471f-495a-91cf-2d4ba37778cd/odys,,
http://www.desmosdirect.org/Profiles/3cbd34a0-3155-41a1-9514-03bed0bea6bf/hcipc,,
http://www.desmosdirect.org/Profiles/3e0ad1bd-53f0-4b49-9b5c-3fc1ca3ab27c/symboyleytiko-kentro-thessalonikis---merimna-stin-arrwstia-kai-to-thanato---,,
http://www.desmosdirect.org/Profiles/3f8af36b-493b-4de8-82b4-d655bf8592e6/dorela,,
http://www.desmosdirect.org/Profiles/3f3765ae-3672-43fe-afe4-9014989f29dd/kethea,,
http://www.desmosdirect.org/Profiles/3ffb9051-97f0-4708-96b8-f0354371c48a/panellinios-syllogos-gynaikwn-me-karkino-mastoy-alma-zwis,ΑΛΜΑ ΖΩΗΣ - Πανελλήνιος Σύλλογος Γυναικών με Καρκίνο Μαστού,
http://www.desmosdirect.org/Profiles/4a156d6e-60e3-45be-985a-02e16b0fefc7/solidarity-center-thessaloniki,,
http://www.desmosdirect.org/Profiles/4ae654f6-ed1b-4a5b-ba8d-7571ac1e5780/9winz,,
http://www.desmosdirect.org/Profiles/4b8afc90-a374-4df3-af83-9ad92e1ddeaa/meionotiko-scholeio-aswmatwn-1,,
http://www.desmosdirect.org/Profiles/4b2937c8-7582-45cf-a0da-00604336dafa/koinwniko-pantopwleio-megara,,
http://www.desmosdirect.org/Profiles/4d6cfee9-1655-4afa-91e2-40b3cfd15fc2/koinwniko-iatreio-sto-limani,,
http://www.desmosdirect.org/Profiles/004d74d9-c34f-42fb-ae38-ea0699bc3da0/polykoinwniko-dimoy-alexandroypolis,,
http://www.desmosdirect.org/Profiles/4e5ae989-9fb8-4cef-bfa2-b9c588608835/abc-athina,,
http://www.desmosdirect.org/Profiles/4e6fd567-ff62-494a-b2bf-4b302ce0299b/freedomgate-,,
http://www.desmosdirect.org/Profiles/4ef7cc78-490a-4e22-857c-a70e4c0218e4/elliniki-ierapostoliki-enwsi,,
http://www.desmosdirect.org/Profiles/4f069b14-ecac-4a54-93e7-36b9a8b763a7/a21-katargwntas-tin-adikia-ston-21aiwna,Α21 - Καταργώντας την αδικία στον 21ο αιώνα,
http://www.desmosdirect.org/Profiles/4fa7f84f-7ee8-49cd-b649-ce3197446c50/lyreio-paidiko-idryma-oi-agioi-anargyroi---orthodoxo-chwrio,,
http://www.desmosdirect.org/Profiles/04fa12e0-65b6-49a7-b867-61983831780a/trapeza-chronoy-chalkidas,,
http://www.desmosdirect.org/Profiles/4fb66865-6b2b-41cf-ab1a-f091b47605b0/koinwniki-ypiresia-dimoy-nikaias-renti,,
http://www.desmosdirect.org/Profiles/5a2e30e6-052f-4d15-b2e0-2ffe10165cdf/koinwniki-ypiresia-dimos-peramatos,,
http://www.desmosdirect.org/Profiles/5a7cd7d7-5e70-404a-81a9-2f5f08ecb3ba/domes-parochis-basikwn-anagkwn-dimoy-korydalloy,,
http://www.desmosdirect.org/Profiles/05bdc0c8-3d3d-47d7-b80d-8f6212d02a22/gymnasio-fylis,,
http://www.desmosdirect.org/Profiles/5c1eed5b-3500-4657-9be5-b943931cb132/dromos,,
http://www.desmosdirect.org/Profiles/005d5138-8f8b-4a98-87cd-349165d874a4/irc-programma-asynodeytwn-anilikwn,,
http://www.desmosdirect.org/Profiles/5f4dd2df-a5cc-4e07-92b2-5933401a1187/oi-filoi-toy-paidioy,,
http://www.desmosdirect.org/Profiles/5f84906b-7c21-4e8b-b41a-df983eb65913/arsis,,
http://www.desmosdirect.org/Profiles/6a3dcb85-af77-484f-9b62-6ef91bd7d4ac/kentro-imeras-agias-paraskeyis-ikelos-,,
http://www.desmosdirect.org/Profiles/6c04c0b8-a3ab-4ca9-8505-f98f2e01df05/diktyo-antallagis-acromarket,,
http://www.desmosdirect.org/Profiles/6d12f297-d4db-4b37-ae52-149e871404f9/merimna-zwis-syllogos-amea-dytikis-thessalonikis,,
http://www.desmosdirect.org/Profiles/6da6e7b4-ab86-4f2c-9685-f1ec1cef06f2/monada-frontidas-ilikiwmenwn-orthodoxi-christianiki-gwnia(to-spiti-tis-christianikis-agapis,,
http://www.desmosdirect.org/Profiles/6e155dc4-9a19-44da-97ca-b6fbbc310ca6/karelleio-monada-alzheimer,,
http://www.desmosdirect.org/Profiles/6f24365c-0ebc-43e7-a8a6-a86f2a11a38c/estia-agios-nikolaos,,
http://www.desmosdirect.org/Profiles/7a31e000-ffef-4e31-8bad-394cc167c334/pnoi-agapis,,
http://www.desmosdirect.org/Profiles/7a8153e8-563b-4afa-8307-3f73c6c27174/eipapadopoylos-ae,,
http://www.desmosdirect.org/Profiles/7c711d41-c3bd-4b5b-82cd-f535bcbeb175/syllogos-perpatw,Περπατώ - Σύλλογος Ατόμων Με Κινητικά Προβλήματα Και Φίλων Ν. Ροδόπης,
http://www.desmosdirect.org/Profiles/7d85cfe9-9f5b-40b0-bdda-2630d97581c6/franco,,
http://www.desmosdirect.org/Profiles/07e3c8fa-30eb-4de1-8f41-48f58fbc6699/praksis-thessaloniki,,
http://www.desmosdirect.org/Profiles/7e868f64-d5ed-487d-90d8-59087f677d5c/xenwnas-efibwn-iris-agias-paraskeyis,,
http://www.desmosdirect.org/Profiles/7e911cc0-da1e-4515-bcbb-5b2a1cad89ea/teo-shipping-corporation,,
http://www.desmosdirect.org/Profiles/8a0226b3-b4ef-4a0f-ac97-602f2e2280f9/diktyo-gia-ta-dikaiwmata-toy-paidioy,Δίκτυο για τα Δικαιώματα του Παιδιού,
http://www.desmosdirect.org/Profiles/8c4da6dc-9f62-48a6-9885-4b0b6dbce6c4/6-th-dimotiko-scholeio-adamanta-miloy,,
http://www.desmosdirect.org/Profiles/8c14bde0-8940-4bf4-aa88-3afb8e26e0f3/pallini,,
http://www.desmosdirect.org/Profiles/8cb9a0e7-f908-45b5-b3ec-4f6fb90cc10c/sylgonewn-5-eidikoy-scholeioy-thessalonikis,,
http://www.desmosdirect.org/Profiles/8dd730bb-9d5f-42ae-ba0c-88ee4bba23c0/koinwniko-pantopwleio--dimoy-pallinis,,
http://www.desmosdirect.org/Profiles/8de464ac-11f1-49f4-93e7-7fd3ec40f2e2/xenwnas-astegwn---anakoyfisi---kodep,,
http://www.desmosdirect.org/Profiles/8ec4206f-3011-49b9-b6e5-60d02ca368ef/2-dimotiko-n-filadelfeias,,
http://www.desmosdirect.org/Profiles/9a4f971c-2493-4db3-9463-cc010cf5dd5f/kentro-koinwnikis-pronoias-kentrikis-makedonias,,
http://www.desmosdirect.org/Profiles/9a758a0a-9231-42c0-8604-40b15c74119a/panellinios-syllogos-metamoscheymenwn-kardias-pneymona-synechizw,,
http://www.desmosdirect.org/Profiles/9b2db677-9299-4b59-b1b5-3aea35d2b198/christodoyleio-,,
http://www.desmosdirect.org/Profiles/9b4c59b7-9375-4608-8ab1-ec7ba9083e0c/omada-diacheirisis-krisewn-(odik)-diaswstiki-omada,,
http://www.desmosdirect.org/Profiles/9bd6f3dd-a22b-47d7-9535-a3d31ad84b72/estia,,
http://www.desmosdirect.org/Profiles/9bfb24af-df63-46a5-afd2-d7054fbb830d/sofpsy-imathias,,
http://www.desmosdirect.org/Profiles/9c2233a7-7ee0-4ba1-9914-492a5458868d/aska-marousi,,
http://www.desmosdirect.org/Profiles/9d08bf8e-0378-458a-8264-5d398f85f7ff/agapi,,
http://www.desmosdirect.org/Profiles/9e9234b8-26b1-46e3-947b-44a3055b5105/kentro-ypodochis-kai-allileggyis-dimoy-athinaiwn,,
http://www.desmosdirect.org/Profiles/009eb64a-e216-44e7-a74c-12b9269c92b0/syllogos-gonewn-to-petagma,,
http://www.desmosdirect.org/Profiles/9ed4dc9a-9b84-4eb3-8402-2357f064edff/dimotiko-scholeio-makrychwrioy,,
http://www.desmosdirect.org/Profiles/9f86d7a0-e00a-4b1a-bb65-c253af99bad4/koinwniko-pantopwleio-dhmoy-ampelokipwn-menemenis,,
http://www.desmosdirect.org/Profiles/9f665e1b-72c1-443a-9198-570fe20e099d/kentro-koinwnikis-stirixis-kilkis,,
http://www.desmosdirect.org/Profiles/9faca5a4-35fe-47ae-8ebd-8d908804d7ba/politiki-prostasia-pentelis,,
http://www.desmosdirect.org/Profiles/9fe4fed4-50d0-4483-a58a-b8fa01a60232/messaritis-ananewsimes,,
http://www.desmosdirect.org/Profiles/10d08454-380c-435c-b46c-e06175b42fc2/eirini---swmateio-koinwnikis-merimnas,,
http://www.desmosdirect.org/Profiles/15f01691-03da-4646-a994-87bc3bf2780b/monada-frontidas-ilikiwmenwn,,
http://www.desmosdirect.org/Profiles/16c86674-f2d3-46c3-9914-d14e2b36ecf3/grammi-anthrwpias,,
http://www.desmosdirect.org/Profiles/17b31068-7f3d-49a3-82a0-d729f4ba612a/together-for-better-days,,
http://www.desmosdirect.org/Profiles/019e69ae-4783-4a65-a7a5-cb95941bf9c9/geniko-katastima-kratisis-thessalonikis-(fylakes-diabatwn),,
http://www.desmosdirect.org/Profiles/20c45e3d-056e-427f-bd62-0978c470d221/dikigoriki-etairia-zepos-kai-giannopoylos,,
http://www.desmosdirect.org/Profiles/21ed9f78-4cfa-4563-8bbd-429f757eae3d/panellinios-syllogos-eyaisthitopoiisis-myikis-dystrofias-duchenne-becker,,
http://www.desmosdirect.org/Profiles/23c73596-f55f-4dfd-8c79-cfa80ede8b5e/koinwniki-stirixi,,
http://www.desmosdirect.org/Profiles/26b2364d-cb14-4900-859a-4bdebc637e62/koinwniko-pantopwleio-dimoy-karystoy,,
http://www.desmosdirect.org/Profiles/27a991ab-ff02-4d37-a0ed-3d872af9592a/kwnstantina,,
http://www.desmosdirect.org/Profiles/29e3b0d8-c264-4c8d-a126-edbf16a1263d/lara,Σχολή Σκύλων Οδηγών Λάρα,
http://www.desmosdirect.org/Profiles/33bdc3a5-fc90-404d-9f5d-424c6514fd76/venus-msofianos,,
http://www.desmosdirect.org/Profiles/033ca92d-498c-40e0-a649-fa46a327b3d1/syllogos-polyteknwn-oi-agioi-pantes,,
http://www.desmosdirect.org/Profiles/35ae3140-085e-4435-86a9-9d04be078bd1/psychogiriatriki-etaireia-o-nestwr,,
http://www.desmosdirect.org/Profiles/36dc72ba-59ad-4f71-87b3-10dd33eca77f/hosting,,
http://www.desmosdirect.org/Profiles/37c77205-979f-406a-a18b-6ccea5278d34/koinwniko-pantopwleio-apostolis-moschatoy-tayroy-,,
http://www.desmosdirect.org/Profiles/37febcc1-0d4e-4109-a41d-3e261d441c5f/monadaelpida,,
http://www.desmosdirect.org/Profiles/38e64586-cab9-4480-a8cb-168d53a780f5/sofpsy-nserrwn,,
http://www.desmosdirect.org/Profiles/39e83812-7549-4843-8469-5b4c4d6a570b/synedrasi,,
http://www.desmosdirect.org/Profiles/041df305-1144-4ff0-a3f9-683cdf567d8d/hithyshi,,
http://www.desmosdirect.org/Profiles/47caf1be-3609-478f-8d0d-f3df82ed2e74/amymwni,Αμυμώνη,
http://www.desmosdirect.org/Profiles/49ba70c0-e5fd-4ebb-9e9f-9f70a1e8bba6/xenwnas-i-thetis,,
http://www.desmosdirect.org/Profiles/52ab98c1-410b-4cb7-bbfb-7e50a9ba1276/xristina,,
http://www.desmosdirect.org/Profiles/54dec703-d6c5-4147-a0c4-019865a79bf1/ike---chatzipatereio,,
http://www.desmosdirect.org/Profiles/54ed40e7-f1e5-4d51-a491-013b1bdcb039/metadrasi,,
http://www.desmosdirect.org/Profiles/55f05639-64aa-481c-8b62-6cabe245f84e/koinwnikes-domes-amesis-antimetwpisis-tis-ftwcheias-marathwna,,
http://www.desmosdirect.org/Profiles/58b81dd8-6e93-4936-93c3-07bb38ed8bb5/praksis---anexartiti-mi-kybernitiki-organwsi,,
http://www.desmosdirect.org/Profiles/60d1cd7e-4319-4135-bb74-7c46464bb751/syndesmos-therapeytikis-ippasias-elladas-(sthie),Σύνδεσμος Θεραπευτικής Ιππασίας,
http://www.desmosdirect.org/Profiles/60d1cd7e-4319-4135-bb74-7c46464bb751/syndesmos-therapeytikis-ippasias-elladas-(sthie),,
http://www.desmosdirect.org/Profiles/60e99849-ab79-4426-9e3e-9da37e4d0f14/eata,,
http://www.desmosdirect.org/Profiles/61b9c9aa-6002-46a1-abff-134b17acf39b/rsf-hellas,,
http://www.desmosdirect.org/Profiles/61e53d13-279d-41ae-95d0-c92081590012/syllogos-epikoinwnw-kai-synbiwnw,,
http://www.desmosdirect.org/Profiles/61f3a06e-9ee5-4b1f-91e0-878d00ef16a6/eidiko-dimotiko-scholeio-tyflwn-thessalonikis,,
http://www.desmosdirect.org/Profiles/61fa8495-0a3a-40af-b675-0308f8888f88/companysetup,,
http://www.desmosdirect.org/Profiles/62f2fdd9-cb9a-4f61-b1be-ea7b448d65cf/allied,,
http://www.desmosdirect.org/Profiles/063fc3e4-8720-4856-b67a-e2f60e3c1165/etaireia-prostasias-spastikwn-porta-anoichti,,
http://www.desmosdirect.org/Profiles/065d1c6f-842c-4a2c-b3eb-a44aead00e2e/diktyo-gia-ton-politismo-kai-tin-ekpaideysi-stis-fylakes-gewrgios-zoyganelis-,,
http://www.desmosdirect.org/Profiles/66bf927a-ed45-4bb1-8448-a2a87d3a2715/eyaggelia-bardalachoy,,
http://www.desmosdirect.org/Profiles/66f052a9-fea7-4341-85ee-274b6962e28d/bloode,,
http://www.desmosdirect.org/Profiles/069ebade-f8a8-4866-a736-2d43d552e3be/21-gymnasio-athinas,,
http://www.desmosdirect.org/Profiles/72bcab63-573a-4253-ad24-a4aca1282c1a/anima-amke-mko,,
http://www.desmosdirect.org/Profiles/72f9fe69-2cc1-4f62-b20f-b81fe97d8542/epapsy-oikotrofeio-pallinis-,,
http://www.desmosdirect.org/Profiles/73b3554e-4ca3-4469-9ea4-bb27bb5150d0/filia9220,,
http://www.desmosdirect.org/Profiles/74e0c8eb-a436-48f9-aa52-0ad83f940644/6o-dimotiko-scholeio-thibas,,
http://www.desmosdirect.org/Profiles/76ba4e4f-fc8b-496f-b0a2-73fd60c55afc/agkaliazw,,
http://www.desmosdirect.org/Profiles/78c1a62f-8f84-4482-a803-972273ed55f4/elliniko-foroym-prosfygwn,,
http://www.desmosdirect.org/Profiles/82dc18b1-9691-4b9c-9fea-c82365d6cbb3/sylogos-gonewn-kai-kidemonwn-nipiagwgeioy-panteli-lero,,
"http://www.desmosdirect.org/Profiles/89abcb85-7c58-47d8-a888-ee40cc26f3a6/elliniki-organwsi-pronoias-kai-isotitas,-pnoi-elpidas",,
http://www.desmosdirect.org/Profiles/92ca8efa-05dc-4505-9d77-8d75cec7ba85/higgs,,
http://www.desmosdirect.org/Profiles/093d8128-ffd5-4bc5-bf3a-efcfa8afc99b/kedif,,
http://www.desmosdirect.org/Profiles/94ca3b81-3f78-4d57-a0a7-d53eafb6b0fb/theatriki-omada-carpe-diem,,
http://www.desmosdirect.org/Profiles/96cac1aa-b583-40a9-8d2c-80afe7bb651f/kentro-diimereysis-imerisias-frontidas-amea-elpida,,
http://www.desmosdirect.org/Profiles/98d26ec3-db7b-4461-b9c1-15460f8b3945/koinsep-skytali,,
http://www.desmosdirect.org/Profiles/98de5bc2-dd3d-4960-8a77-92bbe44bae57/pamemmazi,,
http://www.desmosdirect.org/Profiles/99cf464b-74d9-4381-8d09-d3ad0f5e7d42/fwteini,,
http://www.desmosdirect.org/Profiles/0105f18c-2ade-4c71-9c30-c445b35b8333/epapsy---oikotrofeio-libadeias,,
http://www.desmosdirect.org/Profiles/196d58d9-bdee-4330-bfcd-6ce59023ba50/kedif,,
http://www.desmosdirect.org/Profiles/227a1682-01ea-4d13-ae28-993f37a073dd/swmateio-naytikwn-gonewn-paidiwn-me-eidikes-anagkes-i-argw,,
http://www.desmosdirect.org/Profiles/243fc59a-b202-4160-83ba-40d88011c7df/katastima-kratisis-kerkyras,,
http://www.desmosdirect.org/Profiles/243fdd96-b3bf-4482-a1de-7b53df40739d/1-thesio-nipiagwgeio-goymeroy,,
http://www.desmosdirect.org/Profiles/0259bf3a-aeda-47b3-a58f-06f24b3ce714/epapsy---oikotrofeio-psychokoinwnikis-apokatastasis-trikalwn-,,
http://www.desmosdirect.org/Profiles/280e7221-98d3-4aa1-895a-d955e9abb846/parartima-chroniwn-pathisewno-agios-panteleimwn-toy-kkp-kentrikis-makedonias,,
http://www.desmosdirect.org/Profiles/314b769c-8936-4f07-add4-0a566f2ad806/the-home-project,,
http://www.desmosdirect.org/Profiles/326fd237-45b5-478a-b36c-839c9333266a/eimai-edw,,
http://www.desmosdirect.org/Profiles/345e6497-872a-4037-b644-83228b66fb5e/syllogos-nosileia-,Σύλλογος Νοσηλεία,
http://www.desmosdirect.org/Profiles/345e6497-872a-4037-b644-83228b66fb5e/syllogos-nosileia-,,
http://www.desmosdirect.org/Profiles/386f3e8f-14f6-481c-9928-d184163c4bbf/trchronou,,
http://www.desmosdirect.org/Profiles/397f8c73-931e-4acb-ba57-f0db7e7ed747/faros-elpidas,,
http://www.desmosdirect.org/Profiles/410c4c9e-dcc4-4cf1-968e-d0943a929f4a/eva,,
http://www.desmosdirect.org/Profiles/434dc88a-4724-42ae-a31f-f898a64924bb/1-gymnasio-kamateroy,,
http://www.desmosdirect.org/Profiles/483ff084-74bc-4c56-887a-5aa9e6121bec/kataskinwsi-imnab,,
http://www.desmosdirect.org/Profiles/488f1dde-1a61-4119-bb3f-4bcbec7834c3/kelari,,
http://www.desmosdirect.org/Profiles/527ad574-6194-4777-9486-7ad355279e04/the-breakfast,,
http://www.desmosdirect.org/Profiles/547aa323-8169-4b19-81d6-728f97e2d896/babyfeat,,
http://www.desmosdirect.org/Profiles/547de2d2-159e-4734-a1b6-b9f736b5a2e4/agios-filaretos-o-eleimwn,,
http://www.desmosdirect.org/Profiles/579cb2e2-fa7b-4b9b-89d2-c357fada730d/trapeza-chronoy-ilion,,
http://www.desmosdirect.org/Profiles/592b842a-f2dd-464b-ae2f-cac13126bcb9/kentro-zwis-,,
http://www.desmosdirect.org/Profiles/721cdbd1-fc87-43c6-86fd-ed51b5f3d221/kentro-paidioy-kai-efiboy,,
http://www.desmosdirect.org/Profiles/771e8eba-88f7-4ac3-a199-81c8f313a316/prwtoboylia-allileggyis-politwn-fylis-,,
http://www.desmosdirect.org/Profiles/0773ad6c-eba5-4ed5-b102-064e23c91231/kid-kai-family,,
http://www.desmosdirect.org/Profiles/806f2998-0dfd-4255-b78c-b010bacce852/gymnasio-eresoy,,
http://www.desmosdirect.org/Profiles/815dbeeb-8ad2-4e87-8123-e180e1084671/thorganismos,,
http://www.desmosdirect.org/Profiles/815e0490-d419-470c-bf97-61104f099c94/koinwniko-pantopwleio-ieras-archiepiskopis-athinwn-kai-dimoy-kallitheas,,
http://www.desmosdirect.org/Profiles/818abaf6-0782-4995-9c2a-0b8c8c4faf87/panagia-eyaggelistria,,
http://www.desmosdirect.org/Profiles/821ec7de-1dd4-45ac-aeaf-0f4b3c779dc7/xenwnas-ariadni---epapsy,,
http://www.desmosdirect.org/Profiles/830f6583-daad-4291-ba85-d649cbf2bef7/xenwnas-pnoi-agapis-,,
http://www.desmosdirect.org/Profiles/929a7451-2283-40c8-a855-b73ee4962ea8/zaatar,,
http://www.desmosdirect.org/Profiles/944ea224-e2d8-436d-8d0b-d8e16e2721fe/kentro-koinwnikis-frontidas-atomwn-me-noitiki-ysterisi-i-estia,,
http://www.desmosdirect.org/Profiles/957caf10-1308-4aa2-8bfe-0e963ec7abd7/business-center-in-dubai,,
http://www.desmosdirect.org/Profiles/962b438d-ea60-4987-bea6-aa12c786c4c5/syllogos-gonewn-aperathoy,,
http://www.desmosdirect.org/Profiles/969d12fb-c562-46c2-945c-d9ff4c1ed2fc/elpida-spiti,,
http://www.desmosdirect.org/Profiles/986cb008-b1df-49db-ab24-bb7a9818377d/koinwniki-ypiresia-dimoy-irakleioy-attikis,,
http://www.desmosdirect.org/Profiles/1254e238-7c5f-49d3-bcb2-685d8c2fcd4e/desmos,,
http://www.desmosdirect.org/Profiles/1556fa72-5766-4bfb-ad32-e6b7f73733fb/xenwnas-epapsy-chalkidas,,
http://www.desmosdirect.org/Profiles/1639cafb-1564-4d96-9155-e33331f3f3af/diktyo-allileggyis-byrwna,,
http://www.desmosdirect.org/Profiles/1724ff24-e0d4-4a8e-b1f7-cb04784b3d44/elliniki-etairia-prostasias-aytistikwn-atomwn-(eepaa),,
http://www.desmosdirect.org/Profiles/2183fd6c-f8e0-47fa-bbbe-fbbc5cdb4553/xenwnas-kakopoiimenwn-gynaikwn,,
http://www.desmosdirect.org/Profiles/2218ca4d-a827-4253-9d25-b32fd106a7bb/dimotiko-scholeio-aidipsoy,,
http://www.desmosdirect.org/Profiles/2841cfb4-9b61-44a6-9279-57fbf401ebfb/aggigma-zwis,,
http://www.desmosdirect.org/Profiles/3136a935-1c7b-4951-b085-52278558f909/i-gefyra,,
http://www.desmosdirect.org/Profiles/5476b4d4-d185-4645-acb9-5b531a7898c5/kentro-paidioy-kai-efiboy,,
http://www.desmosdirect.org/Profiles/6188c636-4034-49ae-a25f-374ea5f592e3/oikotrofeio-eretrias-epapsy,,
http://www.desmosdirect.org/Profiles/06233fb5-5cb2-47e7-900b-93c5ca81bf9f/2-thesio-meionotiko-scholeio-felwnis-,,
http://www.desmosdirect.org/Profiles/6773d2e2-897f-42cc-aa32-9027b19b95db/higgs3,,
http://www.desmosdirect.org/Profiles/6810af2f-0663-4dcd-9540-11cc036b678a/katketh,,
http://www.desmosdirect.org/Profiles/7307d725-6e6c-46fa-87b9-73bead4be951/anelle,,
http://www.desmosdirect.org/Profiles/7909ec88-753f-42be-8cf0-182eb51445c1/iera-mitropoli-neas-iwnias-kai-filadelfeias,,
http://www.desmosdirect.org/Profiles/8482d1fa-4a1f-414d-8d4f-34a0b801203f/koinwniko-pantopwleio,,
http://www.desmosdirect.org/Profiles/8823ff6f-4264-4b8d-8894-90c529c189e0/domes-parochis-basikwn-agathwn-dafnis--ymittoy,,
http://www.desmosdirect.org/Profiles/9071f22e-b4d1-4734-811d-92bc1fb47771/oikotrofeio-psychokoinwnikis-apokatastasis-epapsy-lykobrysis,,
http://www.desmosdirect.org/Profiles/09084fd5-39e1-4648-ad3c-f711a47d529f/benjaminorphans,,
http://www.desmosdirect.org/Profiles/9551e90c-7147-4288-9762-dc014237ba8e/eurotrans,,
http://www.desmosdirect.org/Profiles/9705cb96-294f-4c96-8b14-7aacc6321c7e/tee-eidikis-agwgis-acharnwn,,
http://www.desmosdirect.org/Profiles/9968ef9d-4d9d-4edc-b3d0-b5ec9b282754/sxoleiofelonis,,
http://www.desmosdirect.org/Profiles/12055baf-be86-4120-8694-149644c8963c/dhmhtrhs,,
http://www.desmosdirect.org/Profiles/12341e06-29e8-4436-a816-a0e4a7a7280f/panellinia-enwsi-filwn-twn-polyteknwn-(pefip),,
http://www.desmosdirect.org/Profiles/33001c26-6ae7-4260-98a4-fe710a39bbf7/karitas-athinas-prosfygiko-ergo,,
http://www.desmosdirect.org/Profiles/37638af6-0d7c-4a38-8e12-90c837cdb8ac/triteknoiperisteri,,
http://www.desmosdirect.org/Profiles/39645cdd-228f-49b1-b510-8fcb5cdafb93/xenwnas-wraiokastroy,,
http://www.desmosdirect.org/Profiles/39743f54-1e87-45c8-96d6-fbf65f80319b/diktyo-stirixis-fylakismenwn-kai-apofylakismenwn-gynaikwn,,
http://www.desmosdirect.org/Profiles/42024b63-e2d4-4f7e-b170-4fac8879ce43/diethnes-christianiko-kentro-thessalonikis,,
http://www.desmosdirect.org/Profiles/43752e1d-eec0-4fc4-be00-8c053e29ec8b/kentro-zwis,,
http://www.desmosdirect.org/Profiles/43846e99-081b-4d5a-9ddb-4be5bd3456c7/liba-dionysia,,
http://www.desmosdirect.org/Profiles/61841d18-65d5-4456-98c9-3bffb93f1836/nikoletta,,
http://www.desmosdirect.org/Profiles/71632abd-b5c2-4774-9f92-6c6bdb964a3b/idryma-gia-to-paidi-i-pammakaristos,,
http://www.desmosdirect.org/Profiles/83152b7c-d7ec-4793-89e8-c3f711986623/christianiki-stegi-koritsioy-agia-anna,,
http://www.desmosdirect.org/Profiles/114361b1-1385-4be3-8c7b-bb0a8249a844/ithaca-laundry,,
http://www.desmosdirect.org/Profiles/343658d8-f53b-4eb4-ad21-d2cad1f92be6/estia-prosfygwn-,,
http://www.desmosdirect.org/Profiles/560118e2-98f4-4f8c-a0f8-5f00336ed9fe/kipoda,,
http://www.desmosdirect.org/Profiles/634425a8-15e8-4a02-a77a-f64b3492bb77/glovocon-iv,,
http://www.desmosdirect.org/Profiles/0764070e-229d-4ca3-baae-0e03c1da32b8/politistikos-syllogos-'i-skiathos',,
http://www.desmosdirect.org/Profiles/821634bc-6001-41f6-a4c4-edfae112d742/politistikos-syllogos-ta-roystika,,
http://www.desmosdirect.org/Profiles/825248ea-f9fa-41d2-8897-77550084407e/oikotrofeio-chalkidas-epapsy,,
http://www.desmosdirect.org/Profiles/841803d2-0841-4ea3-92a2-fdedae53f917/,,
http://www.desmosdirect.org/Profiles/943159f6-6134-4b89-a2e8-77ee1542fa50/eea-margarita,,
http://www.desmosdirect.org/Profiles/0988610c-dc08-4e96-8813-34ce37b99999/therapeia-me-tin-boitheia-twn-zwwn-gia-amea,,
http://www.desmosdirect.org/Profiles/1736922d-57f3-48f8-a0b9-4da9ac55257e/filanthrwpiko-swmateio-kibwtos-agapis,,
http://www.desmosdirect.org/Profiles/4219974b-6528-4ac6-b85a-510612b87c37/idryma-pronoias-kai-ekpaideysews-kwfwn-kai-barikown-ellados,,
http://www.desmosdirect.org/Profiles/4755883f-b6b1-4193-8bac-2a23dc01b867/diethnes-christianiko-kentro-thessalonikis,,
http://www.desmosdirect.org/Profiles/5175077e-5234-4a0c-b3e7-bce19051debc/dimkat,,
http://www.desmosdirect.org/Profiles/6436924f-96c4-46fc-afcb-3591964100c2/katafygio-agapis-kai-symparastasis,,
http://www.desmosdirect.org/Profiles/08959832-9db8-4eec-99b4-df1d054ced6c/dimotiko-scholeio-brisas,,
http://www.desmosdirect.org/Profiles/09501225-0038-4072-bea4-4e4c5bead7fb/mko-civis-plus,,
http://www.desmosdirect.org/Profiles/9510219f-dd3e-4c18-851f-108f56574555/melissa-network,,
http://www.desmosdirect.org/Profiles/13464811-7e8c-412a-bde6-bd98722f8f3e/koin-iatreio---farmakeio-dimoy-kordelioy-eyosmoy,,
http://www.desmosdirect.org/Profiles/20788708-672f-4c95-9850-ecdec1e2ca1b/sofiap,,
http://www.desmosdirect.org/Profiles/21926020-3b81-4cc1-80f0-c5c3f505d8a1/kinitro,,
http://www.desmosdirect.org/Profiles/40126370-bf0f-434a-b7e0-9de98f7e2b94/apeiron,,
http://www.desmosdirect.org/Profiles/44874922-59ed-4f93-8c0e-77e10fe32696/enwsi-kyriwn-dramas,Ένωση Κυριών Δράμας,
http://www.desmosdirect.org/Profiles/44874922-59ed-4f93-8c0e-77e10fe32696/enwsi-kyriwn-dramas,,
http://www.desmosdirect.org/Profiles/46374232-e329-4328-bec7-65912b3ad1cf/agios-dimitrios-koybara,,
http://www.desmosdirect.org/Profiles/50987823-399c-49f0-9d59-9786edb0a206/omada-allileggyis-aliberioy,,
http://www.desmosdirect.org/Profiles/57994858-b9f2-4ac1-94d8-eb373ef76b23/thetiki-fwni,,
http://www.desmosdirect.org/Profiles/69864766-7c14-45b0-91f7-7584adefc7f9/netprofessional,,
http://www.desmosdirect.org/Profiles/74181182-04af-4854-a030-7a6698b04768/google,,
http://www.desmosdirect.org/Profiles/86510528-7691-4307-abd3-b067f1519bbf/kentro-imeras-gia-to-paidi-to-litharaki,,
http://www.desmosdirect.org/Profiles/87946265-959d-44b8-86d6-1b69894e4457/scify,,
http://www.desmosdirect.org/Profiles/98592742-9efa-4f54-aada-67cfcf4baefa/kentro-paidioy-kai-efiboy,,
http://www.desmosdirect.org/Profiles/a0dd1bd7-cdda-4c8b-818b-f81a8274cb21/lorenheinst,,
http://www.desmosdirect.org/Profiles/a1e76cc2-f9b3-472a-985b-e949827729a8/4-epal-athinas,,
http://www.desmosdirect.org/Profiles/a2d73a11-1c64-4153-9a2d-1cdd4a712e05/apostoli-anthrwpos,,
http://www.desmosdirect.org/Profiles/a47b74d0-7bda-4940-97ee-49a0c9f1e788/elliniko-symboylio-gia-toys-prosfyges,,
http://www.desmosdirect.org/Profiles/a94c2311-e597-49c8-a6f9-a249320180d9/thetiki-fwni---thessaloniki,,
http://www.desmosdirect.org/Profiles/a113da4f-56db-40d8-94e1-820bd7fdc163/vestas-hellas-sa,,
http://www.desmosdirect.org/Profiles/a7527bc3-a8ca-46b5-9131-f4933c7d9952/nipiagwgeio-brisas,,
http://www.desmosdirect.org/Profiles/aad45266-2299-401c-a228-c422c8577a35/kentro-imeras-amaroysioy-franco-basaglia-epapsy-,,
http://www.desmosdirect.org/Profiles/ac860d25-c5a6-4797-964d-9583b68600ad/protypo-ethniko-nipiotrofeio,,
http://www.desmosdirect.org/Profiles/adf7f5b0-ac94-4599-907b-514b5cdbb79b/omilos-rotarakt-kalamarias,,
http://www.desmosdirect.org/Profiles/afc67792-ec7f-44eb-b818-2a3066ae41ae/nipiagwgeio-agioy-athanasioy-,,
http://www.desmosdirect.org/Profiles/afdc3894-38d8-4163-b2a7-de88749121a5/tsolisgcr,,
http://www.desmosdirect.org/Profiles/b0e292e4-c9d0-4a69-ac1a-8873de8cd595/kentro-koinwnikis-stirixis-dimoy-eyosmoy,,
http://www.desmosdirect.org/Profiles/b1b0d038-1abf-4621-94f5-79e9557989f8/dynami-zois,,
http://www.desmosdirect.org/Profiles/b1c4f090-3631-49ab-887d-21acbb532921/caritas-athens-day-center-for-refugee-families,,
http://www.desmosdirect.org/Profiles/b2e4c1c0-f83e-4327-8cc2-a5652619ecb6/swmateio-rakosyllektwn-athinwn---peiraws-o-ermis,,
http://www.desmosdirect.org/Profiles/b5aaf273-190b-40b6-bf91-5b513d0d5c46/generation-20-red,,
http://www.desmosdirect.org/Profiles/b7cf9677-1752-4d0f-80e4-86ecc9babf37/ypnwtirio-astegwn-dimoy-thessalonikis,,
http://www.desmosdirect.org/Profiles/b9e58664-91b4-4994-aa57-e50569599314/29o-nipiagwgeio-serrwn,,
http://www.desmosdirect.org/Profiles/b40b63b8-27ef-4d67-953d-e38573f9df77/aa-mko,,
http://www.desmosdirect.org/Profiles/b694e1a5-a25c-420d-a62b-8feb4706b9a2/exwraistikos-kai-ekpolitistikos-syllogos--karela-korwpioy-i--ag-paraskeyi,,
http://www.desmosdirect.org/Profiles/b735f0f8-0f90-4e40-a0fb-6edad06f6eeb/trito--dimotiko-zakynthoy,,
http://www.desmosdirect.org/Profiles/b794b144-00ff-4dd3-b959-ca489f160d8d/scholeio,,
http://www.desmosdirect.org/Profiles/b821a509-43f8-4ca6-bb17-7275a464b8f8/dkspataartemis,,
http://www.desmosdirect.org/Profiles/b929f265-c5af-474d-8b81-ba2178ad873c/artos-drasi-kentrika,,
http://www.desmosdirect.org/Profiles/b0967de6-45d4-4eb7-8964-57b76b323e92/keletron-agapi-gia-to-paidi-,,
http://www.desmosdirect.org/Profiles/b61903bc-3fdc-4215-89ac-aa349e032c64/idryma-gia-to-paidi-i-pammakaristos,,
http://www.desmosdirect.org/Profiles/b289241f-ae4e-4a16-a9b7-76c85a5e52ef/syllogos-gia-tin-psychiki-ygeia---sopsy-patras,,
http://www.desmosdirect.org/Profiles/ba6fce2c-1bb1-4747-8e40-9bf8f56f5ab7/michalis,,
http://www.desmosdirect.org/Profiles/ba87c284-5a92-4dbb-9fe9-51e9c375473d/epeka-foreas-parochis-synodeytikwn-ypostiriktikwn-ypiresiwn,,
http://www.desmosdirect.org/Profiles/bbae76e8-a833-46ba-810f-1d91e86d8180/mellon-group-of-companies,,
http://www.desmosdirect.org/Profiles/bc9ac0cb-8ea5-4fe9-b6ad-4290403bc36f/trapeza-chronoy-amaroysioy,,
http://www.desmosdirect.org/Profiles/bc265aca-7ac4-4431-856e-11bcec519e90/koinwniko-pantopwleio---syssitio-dimoy-chalandrioy,,
http://www.desmosdirect.org/Profiles/bdd0e6e2-82ea-4f36-bc82-d6ddea903c12/syllogos--merimnis--anilikwn,,
http://www.desmosdirect.org/Profiles/bdd31011-4fd8-4845-919b-cc2f3edf6e71/athina,,
http://www.desmosdirect.org/Profiles/bde833c3-7e43-4da7-b624-152b6e03c2ee/elliniki-etaireia-mastologias,,
http://www.desmosdirect.org/Profiles/bdf8a3a5-e5b6-417e-a5fe-103b26260df7/basiliki--,,
http://www.desmosdirect.org/Profiles/be028b15-a883-4590-9f69-0161e880341c/anoichti-agkalia,,
http://www.desmosdirect.org/Profiles/be85510c-cbfa-44d3-80f4-7ab9ddb8685b/faros---ypostirixi-anilikwn-prosfygwn,,
http://www.desmosdirect.org/Profiles/beb7e8dd-3ea9-4cba-968f-179ac271a0da/mobilunity,,
http://www.desmosdirect.org/Profiles/bfa10929-547d-4430-888d-d0882aef4d65/koinsep-kafe-gefyres,,
http://www.desmosdirect.org/Profiles/c0a4fc1b-6425-4686-8060-e9910a3185f7/18-nipiagwgeio--xanthis,,
http://www.desmosdirect.org/Profiles/c3f4b74a-d30e-4e9a-95e8-06d0e9d09aff/dromos,,
http://www.desmosdirect.org/Profiles/c7ad533e-74bc-4d65-bb90-0d58715b6d28/kentro-elpida,,
http://www.desmosdirect.org/Profiles/c8a021ae-cb52-42c2-bd9a-cc5323ff4206/athanasios-tarantsopoylos,,
http://www.desmosdirect.org/Profiles/c28ad867-752c-44fd-9e63-c10f755b9a84/jeriloew,,
http://www.desmosdirect.org/Profiles/c87b7414-c0a7-4122-b8df-a9781ffdc14c/gianna44,,
http://www.desmosdirect.org/Profiles/cb26cf03-0607-4d46-aba1-7446af579be4/kentrokoinothtas-,,
http://www.desmosdirect.org/Profiles/cb939dd8-5e99-41c3-95e3-6521a91ea548/galini,,
http://www.desmosdirect.org/Profiles/cc6f33cd-e254-4c0e-a5d2-a225c194b0d9/desmos-thessaloniki,,
http://www.desmosdirect.org/Profiles/cc341b67-8084-4385-be44-84b09f17a2d9/anasa-zwis-korydalloy,,
http://www.desmosdirect.org/Profiles/cd704509-3e6d-4764-9db7-5dc6d4656a93/spiliothanos,,
http://www.desmosdirect.org/Profiles/cf59c856-d20c-41a0-a8b8-95a60d355394/mater-filia,,
http://www.desmosdirect.org/Profiles/cf75aac0-9a15-4684-bfd0-10197b70fa16/o-stratos-tis-swtirias,,
http://www.desmosdirect.org/Profiles/cf94b67f-3d71-4680-8678-724b53e2191f/tact-hellas-oikotrofeio-nea-archi,,
http://www.desmosdirect.org/Profiles/d1bbb127-b7ad-499b-83d4-540dd3d0cb8e/syllogos-gonewn-kai-kidemonwn-mathitwn-lykeioy-bagiwn-thibwn-,,
http://www.desmosdirect.org/Profiles/d2e76a39-5581-4ed6-8154-b741e4a5570b/egnya,,
http://www.desmosdirect.org/Profiles/d3c50274-16d4-4285-b10e-d6d8fb649bf4/emfasis-foundation,,
http://www.desmosdirect.org/Profiles/d8ab85ff-b42b-452d-91b9-c3b6ddc56b34/psychiatrikos-xenwnas-protypi-oikia-odysseas---epapsy,,
http://www.desmosdirect.org/Profiles/d9acdf99-72b8-4555-9d2e-00cdfa1e0b53/7o-gel-peiraia,,
http://www.desmosdirect.org/Profiles/d9ae749f-a17f-4d64-8aed-519aa5cc83c2/monotica,,
http://www.desmosdirect.org/Profiles/d50efdc1-e2c0-41ae-a3bf-387107d11c69/1-2-nipiagwgeioy-skiathoy,,
http://www.desmosdirect.org/Profiles/d420fc80-53eb-491d-942d-2900c22eaa2f/unesco_pireas,,
http://www.desmosdirect.org/Profiles/d890f075-b4b5-4b72-8637-cd09ef022b99/kethea-promitheas,,
http://www.desmosdirect.org/Profiles/d3262e60-fcba-4252-915e-2584d501c235/esn-greece---omospondia-swmateiwn-diktyoy-foititwn-erasmus-ellados,,
http://www.desmosdirect.org/Profiles/d04832ee-8048-41e5-bd46-43b66bb8dd87/kentrikos-syndesmos-polyteknwn-chioy-,,
http://www.desmosdirect.org/Profiles/d05107e2-bdd0-4a81-8761-06c4947b3c89/prwtoboylia-gia-to-paidi,,
http://www.desmosdirect.org/Profiles/d1828393-f7b1-46fb-992a-1d2ee159dc3e/kiniti-monada-psychikis-ygeias-ba-kykladwn-ba-kykladwn-epapsy,,
http://www.desmosdirect.org/Profiles/d2841512-5c3e-4d70-a648-365ecf367e25/peristereota,,
http://www.desmosdirect.org/Profiles/db9f4021-3876-489e-aa56-90fda1e60df6/diogenis-dialogos-politikis-gia-ta-narkwtika,,
http://www.desmosdirect.org/Profiles/dbd3b418-97e1-4770-9991-25874ad11aaa/thanetairia,,
http://www.desmosdirect.org/Profiles/dbf42ea4-289d-46c1-b31a-e41db8e1f6f4/oikoymeniki-omospondia-kwnstantinoypolitwn,,
http://www.desmosdirect.org/Profiles/dc1df9b1-348a-4875-a7f9-3c9c4f0b0aa1/takispapa,,
http://www.desmosdirect.org/Profiles/dce73c2b-53bd-4ac0-84bf-a8334dfdb7d0/katastima-kratisis-gynaikwn---elaiwna-,,
http://www.desmosdirect.org/Profiles/ddad34ce-8160-4f71-88f9-c1bce135164b/glovo--global-volunteers-platform,,
http://www.desmosdirect.org/Profiles/ded39331-f96f-4760-bbdb-4772242dbf51/tsoliscaritas,,
http://www.desmosdirect.org/Profiles/dedc8c17-e2e0-4a23-a94c-186b1d660df8/agrotiki-paidiki-fwlia-b-ellados,,
http://www.desmosdirect.org/Profiles/deffaa8c-f90e-4c72-99f0-a6cbff048067/solidaritynow,,
http://www.desmosdirect.org/Profiles/df23fb70-5e92-47b5-9f81-ad807209a2e0/elizabethkoreliz,,
http://www.desmosdirect.org/Profiles/e1d0ea69-f5df-42fe-8c57-4c17400e9b66/filanthrwpiko-swmateio-koinwniki-merimna-moschatoy,,
http://www.desmosdirect.org/Profiles/e2a56442-fc6f-4356-a3ab-e5742eedaab8/domes-parochis-basikwn-agathwn-dimoy-byrwna,,
http://www.desmosdirect.org/Profiles/e2cf61b8-fe53-4d6c-8c74-3056bd551491/65o-gymnasio---katw-patisia,,
http://www.desmosdirect.org/Profiles/e3fc208b-9417-45bb-8ca9-2263ee0d26f4/gefyra-zwis-amea-dytikoy-tomea,,
http://www.desmosdirect.org/Profiles/e7b04fda-37c4-4a0e-a353-1ea0410f47cf/fresh-line,,
http://www.desmosdirect.org/Profiles/e9d519f7-de31-47a5-8b90-227b9c00bf45/giatroi-toy-kosmoy,,
http://www.desmosdirect.org/Profiles/e17dc644-fed8-450f-b7be-b61e62b32da8/ekka-koinwnikos-xenwnas-karea,,
http://www.desmosdirect.org/Profiles/e52ccbe5-7863-41c9-a596-77076d9904cb/xenwnas-estia,,
http://www.desmosdirect.org/Profiles/e054ccb7-abfc-4cf9-9d49-823f5fec7bd6/domi-parochis-syssitioy---domes-antimetwpisis-tis-ftwcheias,,
http://www.desmosdirect.org/Profiles/e57efcda-0ff8-4cee-bc6d-9e638f76ba24/anthrwpistiki-prwtoboylia-gefyres,,
http://www.desmosdirect.org/Profiles/e89c3517-b1ea-4708-8e93-41bd08362fc5/beiersdorf-hellas,,
http://www.desmosdirect.org/Profiles/e99fb335-1824-4deb-ae18-e26885138e93/2o-dimotiko-scholeio-aliartoy,,
http://www.desmosdirect.org/Profiles/e146a116-3567-438f-b461-8d44f181ac30/hygiene-service,,
http://www.desmosdirect.org/Profiles/e27641df-3c1e-4d2c-a524-888639854aaf/anthrwpinoi-anthrwpoi,,
http://www.desmosdirect.org/Profiles/e3168558-b5be-4180-a097-80330f3257d3/65-lykeio-athinwn,,
http://www.desmosdirect.org/Profiles/e9231356-5405-4b37-9880-5d0e21911b70/sek-epidayroy,,
http://www.desmosdirect.org/Profiles/ea56f9b4-af75-41cf-9e3b-792b4870f3bb/brands-samsara,,
http://www.desmosdirect.org/Profiles/eab0abe7-9ecd-4757-8240-dd8d22a7317b/mega-onion,,
http://www.desmosdirect.org/Profiles/eae9a7c1-d697-47be-beaa-30c4d6037391/kefiap,,
http://www.desmosdirect.org/Profiles/ebbfc875-2c4e-4abf-9d58-51f9d205edb6/gymnasio-petras,,
http://www.desmosdirect.org/Profiles/ec019642-ba1d-4170-b651-2596e08aba3f/dromoi-zwis,,
http://www.desmosdirect.org/Profiles/ee84e049-0470-4361-95d4-cad1116a4a02/syssitio-ag-nikolaoy,,
http://www.desmosdirect.org/Profiles/ee528a2f-4967-4c6c-9968-7ae38c7e9156/epanodos-npid,,
http://www.desmosdirect.org/Profiles/eea14705-7f81-4187-a7e3-d681609fe69c/karelleio-monada-alzheimer,,
http://www.desmosdirect.org/Profiles/eec79b8a-b360-467d-85c4-1b4de2fd47d3/agkalia-zw,,
http://www.desmosdirect.org/Profiles/ef53b0e3-b3f4-4e03-acc7-3f09931db9f8/koinwniko-pantopwleio-dimoy-karystoy,,
http://www.desmosdirect.org/Profiles/f1c44ff4-6b9b-4d04-b219-786ab9b52826/idryma-i-paidiki-stegi,,
http://www.desmosdirect.org/Profiles/f1c516dd-9225-4468-b347-a15d32890da0/to-fwteino-asteri,,
http://www.desmosdirect.org/Profiles/f3b5caf6-be58-40a5-95a7-e1bea1f0b097/dimotiki-frontida-acharnwn,,
http://www.desmosdirect.org/Profiles/f4e11a96-c657-4de5-b6a0-08d2f36592ab/anikein-koinsep,,
http://www.desmosdirect.org/Profiles/f5adc68e-15b5-440a-afa2-6553d07df680/givmed,,
http://www.desmosdirect.org/Profiles/f5d18086-dbda-4843-ab73-bd0c68e92d0a/ranio,,
http://www.desmosdirect.org/Profiles/f5eef0f6-bf30-4e76-b945-2f989bf5eb5d/forrestvega,,
http://www.desmosdirect.org/Profiles/f8b21c58-5ccb-4ed8-8ea5-08bb1b58003e/athens-solidarity-center,,
http://www.desmosdirect.org/Profiles/f8e66869-252f-4163-9888-680e80bbf4a0/faros-ypostirixi-anilikwn-prosfygwn,,
http://www.desmosdirect.org/Profiles/f16ea601-b4be-481d-8f81-43119e995c8f/meropeion-filanthrwpikon-idryma,,
http://www.desmosdirect.org/Profiles/f50c5da3-0bb1-4bba-9f25-ec14953a39fa/kea,,
http://www.desmosdirect.org/Profiles/f64aadcb-2ec7-475d-b7fa-5c3fb1b2d971/schedia,,
http://www.desmosdirect.org/Profiles/f172cc87-45a3-4438-8639-5353b1c787c3/kspm--oikoymeniko-programma-prosfygwn,,
http://www.desmosdirect.org/Profiles/f448e6a7-a1ec-4e15-ba7c-dfff8519e9e0/punctuationchecker,,
http://www.desmosdirect.org/Profiles/f1470bc5-e0f4-4828-ab19-de0d0901cb64/oikotrofeio-pentelis-stin-@kri-tis-polis,,
http://www.desmosdirect.org/Profiles/f4378f4d-b7a3-4b51-86ec-effa20d101ae/-panellinios-syllogos-eyaisthitopoiisis-myikis-dystrofias-duchenne-becker,,
http://www.desmosdirect.org/Profiles/f04782b9-49a4-4b23-9e67-f1b7d50590c1/perichoresis,,
http://www.desmosdirect.org/Profiles/f5195dba-f4b1-4de3-a6c7-0abc3986bbf9/katsiavara-kaiti-,,
http://www.desmosdirect.org/Profiles/f4688751-ddb6-4316-85c8-aaef5d3d8c26/grammi-anthrwpias,,
http://www.desmosdirect.org/Profiles/fb36caf4-1c47-41db-a421-0ff70f66266a/pepsaee,,
http://www.desmosdirect.org/Profiles/fb196bf5-15cd-4083-b76b-2dc4d3c27247/kataskinwseis-charoymena-paidia---charoymena-niata,,
http://www.desmosdirect.org/Profiles/fbe3d4ab-89e3-42f3-a954-52877588c3a0/swmateio-enantia-stin-prokatalipsi-gia-tis-psychikes-diataraches-i-anagennisi,,
http://www.desmosdirect.org/Profiles/fc0ae1b0-7a85-4992-acb6-b4bd73305124/medasset,,
http://www.desmosdirect.org/Profiles/fc351d6a-3621-446b-9b80-5ee5b7763d7a/asylon-aniatwn,,
http://www.desmosdirect.org/Profiles/fc675a46-44b5-4dbf-b383-d4fb72d81433/koinwniko-pantopwleio-siteias,,
http://www.desmosdirect.org/Profiles/fc159429-2f11-46d5-b88e-4a5a4ad67dc4/nipiagwgeio-meliboiwn,,
http://www.desmosdirect.org/Profiles/fd9ef398-6666-4665-b2d8-07cfc673e35a/o-stratos-tis-swtirias-thessaloniki,,
http://www.desmosdirect.org/Profiles/fedd81cc-ada1-4274-9eaa-825188a5c373/zwodochos-pigi,,
http://www.desmosdirect.org/Profiles/ff4ae305-e785-4157-a522-acad430bb045/youth-mobility-center-(ymc),,