Ethelon URL,MASTER,Ignore
http://www.ethelon.org/ngo/50kaiellas/,50και Ελλάς - Fifty Plus Hellas,
http://www.ethelon.org/ngo/50και-ελλάς/,50και Ελλάς - Fifty Plus Hellas,
http://www.ethelon.org/ngo/a-i-d/,,
http://www.ethelon.org/ngo/a21-καταργωντασ-τη-δουλεια-στον-21ο-αιωνα/,Α21 - Καταργώντας την αδικία στον 21ο αιώνα,
http://www.ethelon.org/ngo/actionaid-hellas-eu-aid-volunteers/,,
http://www.ethelon.org/ngo/actionaid-hellas/,ActionAid Hellas,
http://www.ethelon.org/ngo/actionforeducation/,,checked
http://www.ethelon.org/ngo/adra-hellas/,ADRA Hellas,
http://www.ethelon.org/ngo/almazois/,ΑΛΜΑ ΖΩΗΣ - Πανελλήνιος Σύλλογος Γυναικών με Καρκίνο Μαστού,
http://www.ethelon.org/ngo/amurtel-greece/,AMURTEL Greece,
http://www.ethelon.org/ngo/amurtel/,AMURTEL Greece,
http://www.ethelon.org/ngo/angels-of-joy/,Άγγελοι της Χαράς,
http://www.ethelon.org/ngo/animahome/,ΑΝΙΜΑ HOME,
http://www.ethelon.org/ngo/ankaa-project/,ANKAA Project,
http://www.ethelon.org/ngo/aquahelp-foundation/,,checked
http://www.ethelon.org/ngo/arcturos/,Αρκτούρος,
http://www.ethelon.org/ngo/art-hub-athens/,Art Hub Athens,
http://www.ethelon.org/ngo/artemeis/,,
http://www.ethelon.org/ngo/athena-organization/,ATHENA Organization,
http://www.ethelon.org/ngo/athens-makerspace/,,
http://www.ethelon.org/ngo/athicff/,,
http://www.ethelon.org/ngo/attika-human-support/,Attika Human Support,
http://www.ethelon.org/ngo/awareness-duchenne/,,checked
http://www.ethelon.org/ngo/aza-arid-zone-afforestation-npo-2/,Arid Zone Afforestation,
http://www.ethelon.org/ngo/aza-arid-zone-afforestation-npo/,Arid Zone Afforestation,
http://www.ethelon.org/ngo/be-aware-and-share/,Be Aware And Share,
http://www.ethelon.org/ngo/be-the-miracle/,Be the Miracle – Το Θαύμα,
http://www.ethelon.org/ngo/be-visible-be-you/,Be Visible Be YOU,
http://www.ethelon.org/ngo/beniale-athens/,,
http://www.ethelon.org/ngo/best-buddies-greece/,Best Buddies Greece - Φιλαράκια Ελλάδας,
http://www.ethelon.org/ngo/better-days/,Better Days,
http://www.ethelon.org/ngo/bobos-arts-festival/,,
http://www.ethelon.org/ngo/boroume/,Μπορούμε,
http://www.ethelon.org/ngo/brainfirst/,BrainVRse,
http://www.ethelon.org/ngo/branding-heritage-2/,Branding Heritage,
http://www.ethelon.org/ngo/branding-heritage/,Branding Heritage,
http://www.ethelon.org/ngo/campfire-innovation/,Campfire Innovation,
http://www.ethelon.org/ngo/caritas-athens/,Κάριτας Ελλάς,
http://www.ethelon.org/ngo/caritas-hellas/,Κάριτας Ελλάς,
http://www.ethelon.org/ngo/cf83cf8dcebbcebbcebfceb3cebfcf82-cebdcebfcf83ceb7cebbceb5ceb9ceb1/,Σύλλογος Νοσηλεία,
http://www.ethelon.org/ngo/changemakers-lab/,Changemakers Lab,
http://www.ethelon.org/ngo/cigaret-cycle-amke/,Cigaret Cycle ΑΜΚΕ,
http://www.ethelon.org/ngo/cineart/,,
http://www.ethelon.org/ngo/citycampus/,,checked
http://www.ethelon.org/ngo/colour-youth-lgbt/,Colour Youth - Κοινότητα LGBTQ Νέων Αθήνας,
http://www.ethelon.org/ngo/cosmoleadership/,,checked
http://www.ethelon.org/ngo/curiousiq/,CuriousIQ,
http://www.ethelon.org/ngo/cyberno/,Cyberno,
http://www.ethelon.org/ngo/delphi-way/,Delphi Way,
http://www.ethelon.org/ngo/diavazo-gia-tous-allous/,Διαβάζω για τους άλλους,
http://www.ethelon.org/ngo/digital-nomads-observatory/,Digital Nomads Observatory,
http://www.ethelon.org/ngo/dinami-zois/,Δύναμη Ζωής,
http://www.ethelon.org/ngo/diversity-united/,Diversity United,
http://www.ethelon.org/ngo/drapen-i-havet-σταγονα/,,
http://www.ethelon.org/ngo/e-αιμοδότες/,e-Αιμοδότες,
http://www.ethelon.org/ngo/ea-ενημέρωση-κατανόηση-αποδοχή/,,
http://www.ethelon.org/ngo/eko/,,
http://www.ethelon.org/ngo/elix/,,checked
http://www.ethelon.org/ngo/emfasis-foundation/,Emfasis Foundation,
http://www.ethelon.org/ngo/emos-peha-ltd/,,checked
http://www.ethelon.org/ngo/ena-paidi-enas-kosmos/,,
http://www.ethelon.org/ngo/entaxis-action-for-inclusion-and-education/,Entaxis - Δράση για την ενσωμάτωση και την εκπαίδευση,
http://www.ethelon.org/ngo/epanekkinisis/,Επανεκκίνησις,
http://www.ethelon.org/ngo/ergastiri/,Το Εργαστήρι,
http://www.ethelon.org/ngo/european-cooperative-protection-of-cultural-and-archaeological-heritage/,,checked
http://www.ethelon.org/ngo/eyes-of-light/,Eyes of Light,
http://www.ethelon.org/ngo/fabric-republic/,Fabric Republic,
http://www.ethelon.org/ngo/fainareti/,Φαιναρέτη,
http://www.ethelon.org/ngo/fairlife-lung-cancer-care/,FairLife - Φροντίδα και Πρόληψη για τον καρκίνο του πνεύμονα,
http://www.ethelon.org/ngo/fashion-revolution-greece-and-cyprus/,,
http://www.ethelon.org/ngo/filoi-tou-paidiou/,Φιλανθρωπικό Σωματείο «ΟΙ ΦΙΛΟΙ ΤΟΥ ΠΑΙΔΙΟΥ»,
http://www.ethelon.org/ngo/four-elements/,Four Elements,
http://www.ethelon.org/ngo/friendship-centre-athens/,,
http://www.ethelon.org/ngo/gcr/,,
http://www.ethelon.org/ngo/gefira-zois/,Γέφυρα Ζωής,
http://www.ethelon.org/ngo/genderhood/,Genderhood,
http://www.ethelon.org/ngo/generation-act/,Generation Act,
http://www.ethelon.org/ngo/genesis-hellas/,Genesis Hellas,
http://www.ethelon.org/ngo/givmed-share-medicine-share-life/,GIVMED,
http://www.ethelon.org/ngo/global-brigades-ελλάς-ιδιωτικό-πολυιατρείο-αμκε/,Global Brigades Ελλάς,
http://www.ethelon.org/ngo/greek-scouts/,Σώμα Ελλήνων Προσκόπων,
http://www.ethelon.org/ngo/habibi-works-soup-and-socks/,Habibi.Works,
http://www.ethelon.org/ngo/hestia-hellas/,,checked
http://www.ethelon.org/ngo/hwhealthtech-amke/,,
http://www.ethelon.org/ngo/i-am-you/,I AM YOU,
http://www.ethelon.org/ngo/iaeste-thessaloniki/,,checked
http://www.ethelon.org/ngo/idiadrasi/,Διάδραση - Ινστιτούτο Μελέτης της Ανθρώπινης Επικοινωνίας,
http://www.ethelon.org/ngo/ied/,,checked
http://www.ethelon.org/ngo/immortaliting/,,
http://www.ethelon.org/ngo/indigo-volunteers-2/,Indigo Volunteers,
http://www.ethelon.org/ngo/inter-alia/,Inter Alia,
http://www.ethelon.org/ngo/ithaca/,Ithaca Laundry,
http://www.ethelon.org/ngo/jesuit-refugee-service-greece-jrs-greece/,,
http://www.ethelon.org/ngo/k-a-ne-social-youth-development/,ΚΑΝΕ - Κοινωνική Ανάπτυξη Νέων,
http://www.ethelon.org/ngo/keepea/,Κέντρο Ειδικής Εκπαίδευσης Παιδιών & Ενηλίκων με Αναπηρία (Κ.Ε.Ε.Π.Ε.Α.) «Ορίζοντες»,
http://www.ethelon.org/ngo/kefi/,Σύλλογος Καρκινοπαθών Εθελοντών Φίλων & Ιατρών Αθηνών (ΚΕΦΙ),
http://www.ethelon.org/ngo/kentro-texnis-kai-psixotherapeias/,Κέντρο Τέχνης και Ψυχοθεραπείας,
http://www.ethelon.org/ngo/kentro-zois/,,
http://www.ethelon.org/ngo/keso/,,
http://www.ethelon.org/ngo/kethea-paremvasi/,,
http://www.ethelon.org/ngo/kid-family-παιδι-οικογενεια/,,
http://www.ethelon.org/ngo/kids-fair-collection/,Kids Fair Collection,
http://www.ethelon.org/ngo/kinitro/,,
http://www.ethelon.org/ngo/kmop/,ΚΜΟΠ – Κέντρο Κοινωνικής Δράσης και Καινοτομίας,
http://www.ethelon.org/ngo/koinsep-frontida-sto-spiti/,Οικανός,
http://www.ethelon.org/ngo/kokkori-institution/,,
http://www.ethelon.org/ngo/kommotes-kardias/,,
http://www.ethelon.org/ngo/kosmos-ε-πα-κοινσεπ/,,
http://www.ethelon.org/ngo/kroma/,KROMA,
http://www.ethelon.org/ngo/land-and-water/,,
http://www.ethelon.org/ngo/lesxi-xifaskias-thessalonikis/,,
http://www.ethelon.org/ngo/littlegiants-grrece/,littleGIANTS Greece,
http://www.ethelon.org/ngo/locus-athens/,locus athens,
http://www.ethelon.org/ngo/logosnous/,,
http://www.ethelon.org/ngo/lovepeople/,,
http://www.ethelon.org/ngo/low-tech-lab-gold-of-bengal/,,
http://www.ethelon.org/ngo/low-tech-lab-greece/,,
http://www.ethelon.org/ngo/luvmi-2/,LuvMi,
http://www.ethelon.org/ngo/luvmi/,LuvMi,
http://www.ethelon.org/ngo/make-a-wish/,Make-A-Wish Greece,
http://www.ethelon.org/ngo/mathaino-diatrofi/,Μαθαίνω Διατροφή,
http://www.ethelon.org/ngo/mazi-housing-project/,Mazí Housing,
http://www.ethelon.org/ngo/mda/,,
http://www.ethelon.org/ngo/metadrasi/,ΜΕΤΑδραση – Δράση για την Μετανάστευση και την Ανάπτυξη,
http://www.ethelon.org/ngo/mexoxo/,Mexoxo,
http://www.ethelon.org/ngo/mini-horses-therapy-step-by-step/,,
http://www.ethelon.org/ngo/mosaico-house/,,checked
http://www.ethelon.org/ngo/niroi-2/,,
http://www.ethelon.org/ngo/niroi/,,checked
http://www.ethelon.org/ngo/odeioformigx/,,
http://www.ethelon.org/ngo/openous/,Openous,
http://www.ethelon.org/ngo/organization-earth/,Οργάνωση Γη,
http://www.ethelon.org/ngo/oti-axizei/,,
http://www.ethelon.org/ngo/paidiki-paigniothiki/,,
http://www.ethelon.org/ngo/pegkap/,Πανελλήνια Ένωση Γονέων και Κηδεμόνων Ατόμων - Παιδιών Νοητικά Υστερούντων,
http://www.ethelon.org/ngo/pepsaee/,,
http://www.ethelon.org/ngo/petalouda/,Σύλλογος Σκελετικής Υγείας Πεταλούδα,
http://www.ethelon.org/ngo/philo4thought-hellenic-mentoring-initiative/,,
http://www.ethelon.org/ngo/plastikoneoisaronikou/,,checked
http://www.ethelon.org/ngo/playing-ngo/,ΠΑΙΖΟΝΤΑΣ,
http://www.ethelon.org/ngo/posidonia-non-profit-company/,,
http://www.ethelon.org/ngo/poymittou/,,
http://www.ethelon.org/ngo/praksis/,,
http://www.ethelon.org/ngo/protoporia/,,
http://www.ethelon.org/ngo/psaltesattikis/,,
http://www.ethelon.org/ngo/psychoedu-gr/,,
http://www.ethelon.org/ngo/pytheas-path/,Pytheas' Path,
http://www.ethelon.org/ngo/quick-response-team-qrt/,,
http://www.ethelon.org/ngo/revive-greece/,,
http://www.ethelon.org/ngo/rise-club/,,
http://www.ethelon.org/ngo/safe-on-road/,Safe On Road,
http://www.ethelon.org/ngo/safe-place-greece/,Safe Place Greece,
http://www.ethelon.org/ngo/safe-place-international/,,
http://www.ethelon.org/ngo/sailability-hellas/,,
http://www.ethelon.org/ngo/salvia-burn-association-amke/,,
http://www.ethelon.org/ngo/save-a-greek-stray/,Save a Greek Stray,
http://www.ethelon.org/ngo/scico-science-communication/,SciCo - Επιστήμη Επικοινωνία,
http://www.ethelon.org/ngo/seo/,Σώμα Ελληνικού Οδηγισμού,
http://www.ethelon.org/ngo/she-society-for-help-empowerment/,SHE - Society for Help & Empowerment,
http://www.ethelon.org/ngo/social-hacker-a-m-k-e/,Social Hackers Academy,
http://www.ethelon.org/ngo/socialt-blog/,,
http://www.ethelon.org/ngo/soffa/,,
http://www.ethelon.org/ngo/solidaritee-greece/,,
http://www.ethelon.org/ngo/soupsocks/,Habibi.Works,
http://www.ethelon.org/ngo/spin-space-innovation/,SPIN – Space Innovation,
http://www.ethelon.org/ngo/step-by-step-mini-horses-therapy/,Step by Step,
http://www.ethelon.org/ngo/tedxlarissa/,,checked
http://www.ethelon.org/ngo/the-e-square-project/,The E square Project,
http://www.ethelon.org/ngo/the-healing-tree-community-for-mental-health/,The Healing Tree community for Mental Health,
http://www.ethelon.org/ngo/thehappyart/,TheHappyAct,
http://www.ethelon.org/ngo/thessfringe/,,
http://www.ethelon.org/ngo/to-ergastiri-το-εργαστήρι/,Το Εργαστήρι,
http://www.ethelon.org/ngo/tofilotimo/,,
http://www.ethelon.org/ngo/toy-joy/,,
http://www.ethelon.org/ngo/travel-unity/,,
http://www.ethelon.org/ngo/travelectors-aμke/,,
http://www.ethelon.org/ngo/univation/,,
http://www.ethelon.org/ngo/very-special-arts-hellas/,,
http://www.ethelon.org/ngo/volunteers-2-uganda/,,
http://www.ethelon.org/ngo/wambo-city-waste-pickers/,WAMBO CITY WASTE PICKERS,
http://www.ethelon.org/ngo/wave-thessaloniki/,Wave Thessaloniki,
http://www.ethelon.org/ngo/we4all-amke/,,
http://www.ethelon.org/ngo/women-do-business/,Women Do Business,
http://www.ethelon.org/ngo/women-on-top/,Women On Top,
http://www.ethelon.org/ngo/womens-healthcare-on-the-move/,,
http://www.ethelon.org/ngo/young-liberals-greece-2/,,checked
http://www.ethelon.org/ngo/youth-entrepreneurship-club/,,
http://www.ethelon.org/ngo/youthnet-hellas/,,
http://www.ethelon.org/ngo/zaatar-ngo/,Zaatar,
http://www.ethelon.org/ngo/αγγιγμα-ζωησ/,Άγγιγμα Ζωής,
http://www.ethelon.org/ngo/αμκε-ιοι-και-κορεσ-ικαμεα/,Ιοί και κόρες,
http://www.ethelon.org/ngo/ανθρώπινοι-άνθρωποι-φιλανθρωπικό-σω/,,
http://www.ethelon.org/ngo/αποστολή-ανθρωποσ/,Αποστολή ΑΝΘΡΩΠΟΣ,
http://www.ethelon.org/ngo/αρμαζι/,,
http://www.ethelon.org/ngo/αρσισ-κοινωνικη-οργανωση-υποστηριξη/,ΑΡΣΙΣ,
http://www.ethelon.org/ngo/αρωγη-σωματειο-ατόμων-με-προβλήματα-ό/,ΑΡΩΓΗ - Σωματειο ατόμων με προβλήματα όρασης Νομού Κυκλάδων,
http://www.ethelon.org/ngo/αυτοεκπροσώπηση/,,
http://www.ethelon.org/ngo/βενιαμιν-σύλλογος-προστασίας-παιδιώ/,ΒΕΝΙΑΜΙΝ - Σύλλογος Προστασίας Παιδιών,
http://www.ethelon.org/ngo/γιατροί-του-κόσμου-ελλάδας/,Γιατροί του Κόσμου Ελλάδος,
http://www.ethelon.org/ngo/δίκτυο-για-τα-δικαιώματα-του-παιδιού/,Δίκτυο για τα Δικαιώματα του Παιδιού,
http://www.ethelon.org/ngo/εικαστικό-θέατρο-κούκλας-πράσσειν-άλ/,"""Εικαστικό Θέατρο Κούκλας """"Πράσσειν Άλογα""""""",
http://www.ethelon.org/ngo/ελεπαπ/,ΕΛΕΠΑΠ,
http://www.ethelon.org/ngo/ελληνική-εταιρεία-οικοτουρισμού/,Ελληνική Εταιρεία Οικοτουρισμού,
http://www.ethelon.org/ngo/ελληνικη-εταιρια-ενεργειακησ-οικονο/,Ελληνική Εταιρεία Ενεργειακής Οικονομίας,
http://www.ethelon.org/ngo/ελληνική-κοινότητα-αλβανών-μεταναστ/,,
http://www.ethelon.org/ngo/ελληνικό-δίκτυο-για-το-δικαίωμα-στη-στ/,Δίκτυο για το Δικαίωμα στη Στέγη και την Κατοικία Ελλάδας ,
http://www.ethelon.org/ngo/ελληνικός-σύλλογος-πνευμονικής-ίνωσ/,Πνεύμονες Ζωής,
http://www.ethelon.org/ngo/εν-δυνάμει-προαγωγή-ψυχικής-υγείας-κα/,,
http://www.ethelon.org/ngo/ενατη-διασταση-εκδοσεισ-κομικσ-α-μ-κ-ε/,,
http://www.ethelon.org/ngo/ένωση-κυριών-δράμας-σπίτι-ανοιχτής-φι/,Ένωση Κυριών Δράμας,
http://www.ethelon.org/ngo/επαγγελματικο-επιμελητηριο-των-πεντ/,,
http://www.ethelon.org/ngo/εριφυλη-2/,Εριφύλη,
http://www.ethelon.org/ngo/εριφυλη/,Εριφύλη,
http://www.ethelon.org/ngo/εταιρεια-περιφερειακησ-αναπτυξησ-ψ/,,
http://www.ethelon.org/ngo/εταιρεία-προστασίας-σπαστικών-πόρτα/,Eταιρεία Προστασίας Σπαστικών / Πόρτα Ανοιχτή,
http://www.ethelon.org/ngo/ευρωπαϊκό-κοινοβούλιο-νέων-ελλάδος/,,
http://www.ethelon.org/ngo/η-στεγη-τησ-εγνυα/,Στέγη της ΕΓΝΥΑ,
http://www.ethelon.org/ngo/θετική-φωνή/,Θετική Φωνή – Σύλλογος Οροθετικών Ελλάδος,
http://www.ethelon.org/ngo/ιδρυμα-αγια-αννα-χριστιανικη-στεγη-κο/,,
http://www.ethelon.org/ngo/ιδρυμα-άγιος-στέφανος/,,
http://www.ethelon.org/ngo/ίδρυμα-κοινωνικής-εργασίας-χατζηπάτ/,,
http://www.ethelon.org/ngo/ιεπασ/,Ινστιτούτο Επαγγελματικού Προσανατολισμού και Σταδιοδρομίας (ΙΕΠΑΣ),
http://www.ethelon.org/ngo/ινστιτούτο-prolepsis-2/,Ινστιτούτο Prolepsis,
http://www.ethelon.org/ngo/ινστιτούτο-prolepsis/,Ινστιτούτο Prolepsis,
http://www.ethelon.org/ngo/ινστιτουτο-μελετηστοπικησ-ιστοριασ/,Ινστιτούτο Μελέτης της Τοπικής Ιστορίας & της Ιστορίας των Επιχειρήσεων (ΙΜΤΙΙΕ),
http://www.ethelon.org/ngo/ιστια-αιγαιου-κοινσεπ/,ΚοινΣΕπ Ιστία Αιγαίου,
http://www.ethelon.org/ngo/ιστορική-βιβλιοθήκη-μελέτης-και-έρευ/,,
http://www.ethelon.org/ngo/κεντρο-εκπαιδευσησ-και-αποκατασταση/,,
http://www.ethelon.org/ngo/κέντρο-καθοδήγησης-καρκινοπαθώνκαπ/,Κ3 - Κέντρο Καθοδήγησης Καρκινοπαθών,
http://www.ethelon.org/ngo/κεντρο-κοινωνικησ-προνοιασ-περιφερε-2/,,
http://www.ethelon.org/ngo/κεντρο-κοινωνικησ-προνοιασ-περιφερε/,,
http://www.ethelon.org/ngo/κέντρο-παιδιού-και-εφήβου/,Κέντρο Παιδιού και Εφήβου,
http://www.ethelon.org/ngo/κεντρο-τεχνησ-και-ψυχοθεραπειασ/,Κέντρο Τέχνης και Ψυχοθεραπείας,
http://www.ethelon.org/ngo/κέντρο-φ/,,checked
http://www.ethelon.org/ngo/κέντρο-φροντιδασ-ηλικιωμενων-ελενα/,,checked
http://www.ethelon.org/ngo/κιβωτός-κορογώνα-εκπαιδευτικό-ολισ/,,
http://www.ethelon.org/ngo/κοιτιδα/,Κοιτίδα - Ινστιτούτο προαγωγής της ψυχικής υγείας στην εγκυμοσύνη,
http://www.ethelon.org/ngo/μ-α-ν-α/,,
http://www.ethelon.org/ngo/μεριμνα/,Μέριμνα,
http://www.ethelon.org/ngo/μεταδραση-δράση-για-τη-μετανάστευση-κ/,ΜΕΤΑδραση – Δράση για την Μετανάστευση και την Ανάπτυξη,
http://www.ethelon.org/ngo/μητρωο-εθελοντων-υγειασ-γενικου-νοσο/,,checked
http://www.ethelon.org/ngo/μουσική-κίνηση-musical-movement/,,
http://www.ethelon.org/ngo/ομάδα-διάσωσης-και-τηλεποικινωνιών-θ/,,checked
http://www.ethelon.org/ngo/οργάνωση-γη/,Οργάνωση Γη,
http://www.ethelon.org/ngo/παιδικη-χαρα/,Παιδική Χαρά,
http://www.ethelon.org/ngo/πανελλήνιος-σύλλογος-κυστικής-ίνωση/,Πανελλήνιος Σύλλογος Κυστικής Ίνωσης,
http://www.ethelon.org/ngo/περα/,,
http://www.ethelon.org/ngo/πολιτιστική-αστική-μη-κερδοσκοπική-ε/,PHILARTIA,
http://www.ethelon.org/ngo/πολιτιστικοσ-συλλογοσ-καππαριασ-ανδ/,,
http://www.ethelon.org/ngo/πρωτοβουλία-για-το-παιδί/,Πρωτοβουλία για το Παιδί,
http://www.ethelon.org/ngo/πυρνα/,,
http://www.ethelon.org/ngo/σ-ε-δι-π-δυτικησ-αχαϊασ/,,
http://www.ethelon.org/ngo/σκοποσ-ζωησ/,,
http://www.ethelon.org/ngo/σκύλοι-βοηθοί-ελλάδας-αμκε/,Σκύλοι Βοηθοί Ελλάδας,
http://www.ethelon.org/ngo/στέγη-υποστηριζόμενης-διαβίωσης-βα/,,
http://www.ethelon.org/ngo/σύλλογος-για-την-ψυχική-υγεία-πάτρας/,Σύλλογος για τη Ψυχική Υγεία - ΣΟΨΥ Πάτρας,
http://www.ethelon.org/ngo/σύλλογος-κάντο-πράξη/,Κάντο Πράξη,
http://www.ethelon.org/ngo/συλλογοσ-μελισσοκομων-αττικησ/,,
http://www.ethelon.org/ngo/συλλογοσ-οριζοντασ/,Σύλλογος Εθελοντικής Προσφοράς και Στήριξης «Ορίζοντας»,
http://www.ethelon.org/ngo/σύλλογος-οροθετικών-ελλάδος-θετική-φ/,Θετική Φωνή – Σύλλογος Οροθετικών Ελλάδος,
http://www.ethelon.org/ngo/συνδεσμοσ-θεραπευτικησ-ιππασιασ-ελλ/,Σύνδεσμος Θεραπευτικής Ιππασίας,
http://www.ethelon.org/ngo/συνδεσμοσ-μελων-γυναικειων-σωματειω/,,
http://www.ethelon.org/ngo/τα-άκαπνα-καταστήματα-της-ελλάδας-αμκ/,,
http://www.ethelon.org/ngo/τράπεζα-τροφίμων/,Τράπεζα Τροφίμων,
http://www.ethelon.org/ngo/υπεροχεσ-γυναικεσ-αμκε/,Υπέροχες Γυναίκες,
http://www.ethelon.org/ngo/φ-σ-κοινωνικη-μεριμνα-μοσχατου-διονυ/,ΦΙΛΑΝΘΡΩΠΙΚΟ ΣΩΜΑΤΕΙΟ ΚΟΙΝΩΝΙΚΗ ΜΕΡΙΜΝΑ ΜΟΣΧΑΤΟΥ-“ΔΙΟΝΥΣΙΟΣ ΘΕΟΦΙΛΑΤΟΣ”,
http://www.ethelon.org/ngo/φιλοι-τησ-μεριμνασ/,Φίλοι της Μέριμνας,
http://www.ethelon.org/ngo/χαρούμενα-παιδιά-χαρούμενα-νιάτα/,Χαρούμενα Παιδιά - Χαρούμενα Νιάτα,