YouBeHero URL,MASTER
https://www.youbehero.com/gr/cause/les-ecartes,
https://www.youbehero.com/gr/cause/oak,
https://www.youbehero.com/gr/cause/samosanimalwelfareassociation,
https://www.youbehero.com/gr/cause/elliniki-omada-diasosis-parartima-lesvou,
https://www.youbehero.com/gr/cause/sillogos-allileggiis-kai-ethelontismou-grevenon-elpida,
https://www.youbehero.com/gr/cause/prostasia-adespoton-zoon-i-agapi,
https://www.youbehero.com/gr/cause/labyrinth-of-senses,
https://www.youbehero.com/gr/cause/christianiki-stegi-koritsiou-agia-anna,
https://www.youbehero.com/gr/cause/all-for-blue,
https://www.youbehero.com/gr/cause/amke-psichokinonikon-paremvaseon-agkalia,
https://www.youbehero.com/gr/cause/spoudaia-events,
https://www.youbehero.com/gr/cause/filozoikos-sillogos-aigialias-ta-filarakia,
https://www.youbehero.com/gr/cause/oi-filoi-tou-paidiou,
https://www.youbehero.com/gr/cause/technodromo,
https://www.youbehero.com/gr/cause/antama,
https://www.youbehero.com/gr/cause/epilekti-omada-idikon-apostolon-ellados,
https://www.youbehero.com/gr/cause/vres-ftera,
https://www.youbehero.com/gr/cause/elpidohori,
https://www.youbehero.com/gr/cause/oasis-kentro-apexartisis,
https://www.youbehero.com/gr/cause/fix-in-art-anazitites-theatrou,
https://www.youbehero.com/gr/cause/filozoikos-sillogos-chiou,
https://www.youbehero.com/gr/cause/gi-therapainis,
https://www.youbehero.com/gr/cause/strays-sparta-greece-smart-paws-save-a-stray,
https://www.youbehero.com/gr/cause/drasi-gia-tin-agria-zoi,
"https://www.youbehero.com/gr/cause/Animal%20Welfare%20Society%20""Ta%20Filarakia""",
https://www.youbehero.com/gr/cause/zeil,
https://www.youbehero.com/gr/cause/cheering,
https://www.youbehero.com/gr/cause/tharros-kai-zoi,
https://www.youbehero.com/gr/cause/arsis,
https://www.youbehero.com/gr/cause/include-diepistimoniko-diktio-idikis-kai-diapolitismikis-agogis,
https://www.youbehero.com/gr/cause/a-xe-p-t,
https://www.youbehero.com/gr/cause/panellinia-omospondia-atomon-me-sklirinsi-kata-plakas,
https://www.youbehero.com/gr/cause/kivotos-mitilinis,
https://www.youbehero.com/gr/cause/amke-visit-agiasos,
https://www.youbehero.com/gr/cause/aravella-salonikidou,
https://www.youbehero.com/gr/cause/pnoi-agapis,
https://www.youbehero.com/gr/cause/ariel-filozoiko-politistiko-somatio,
https://www.youbehero.com/gr/cause/skopos-zois,
https://www.youbehero.com/gr/cause/zo-e-s-zoofilikes-enimerosis-scholion-idrimaton-kai-organismon,
https://www.youbehero.com/gr/cause/sillogos-orizontas,
https://www.youbehero.com/gr/cause/stray-planet-adespotos-planitis,
https://www.youbehero.com/gr/cause/aspida-kin-sep-perivallon-anthropi-zoa,
https://www.youbehero.com/gr/cause/agalia,
https://www.youbehero.com/gr/cause/looktothestars,
https://www.youbehero.com/gr/cause/soma-filon-amea-drasi-gia-to-kati-allo,
https://www.youbehero.com/gr/cause/frontida-sto-spiti-home-health-care-services,
https://www.youbehero.com/gr/cause/ethelontiki-dasoprostasia-notiou-imittou-e-d-n-i,
https://www.youbehero.com/gr/cause/sindesmos-epichirimation-ginaikon-ellados-s-e-g-e,
https://www.youbehero.com/gr/cause/seanamoni,
https://www.youbehero.com/gr/cause/politistikos-filozoikos-sillogos-tripolis,
https://www.youbehero.com/gr/cause/prota-to-paidi,
https://www.youbehero.com/gr/cause/ergastiri-idikis-agogis-margarita,
https://www.youbehero.com/gr/cause/adespotoulia-xanthis,
https://www.youbehero.com/gr/cause/moiazw,
https://www.youbehero.com/gr/cause/s-e-di-p-ditikis-achaias,
https://www.youbehero.com/gr/cause/ethelontiki-omada-kimolou-kimolistes,
https://www.youbehero.com/gr/cause/scars,
https://www.youbehero.com/gr/cause/siva-om,
https://www.youbehero.com/gr/cause/sillogos-goneon-kai-kidemonon-paidion-me-siggenis-kardiopathies-i-agia-sofia,
https://www.youbehero.com/gr/cause/twitter.com/hrtlesvos,
https://www.youbehero.com/gr/cause/career-sign,
https://www.youbehero.com/gr/cause/ellinikos-sillogos-prostasias-ippoidon,"""
Ελληνικός Σύλλογος Προστασίας Ιπποειδών"""
https://www.youbehero.com/gr/cause/50kai-ellas,50και Ελλάς - Fifty Plus Hellas
https://www.youbehero.com/gr/cause/actionaid-hellas,ActionAid Hellas
https://www.youbehero.com/gr/cause/aegean-sails,Aegean Cargo Sailing
https://www.youbehero.com/gr/cause/Alzheimer-Chalkida,Alzheimer Χαλκίδας
https://www.youbehero.com/gr/cause/ankaa-project,ANKAA Project
https://www.youbehero.com/gr/cause/apicco-community-based-art,APICCO
https://www.youbehero.com/gr/cause/art-hub-athens,Art Hub Athens
https://www.youbehero.com/gr/cause/be-visible-be-you,Be Visible Be YOU
https://www.youbehero.com/gr/cause/co2gether,Co2gether
https://www.youbehero.com/gr/cause/e-nable-greece,e-Nable Greece
https://youbehero.com/gr/cause/e-aimodotes,e-Αιμοδότες
https://www.youbehero.com/gr/cause/emfasis-foundation,Emfasis Foundation
https://www.youbehero.com/gr/cause/eyes-of-light,Eyes of Light
https://www.youbehero.com/gr/cause/genderhood,Genderhood
https://www.youbehero.com/gr/cause/givmed,GIVMED
https://www.youbehero.com/gr/cause/greek-eco-project,Greek Eco Project
https://www.youbehero.com/gr/cause/higgs,HIGGS – Higher Incubator Giving Growth & Sustainability
https://www.youbehero.com/gr/cause/humanity-greece,Humanity Greece
https://www.youbehero.com/gr/cause/incommon,InCommOn
https://www.youbehero.com/gr/cause/isea,iSea
https://www.youbehero.com/gr/cause/ithaca-laundry,Ithaca Laundry
https://www.youbehero.com/gr/cause/sillogos-voithias-paidion-lalibela,Lalibela
https://www.youbehero.com/gr/cause/make-a-wish-kane-mia-euchi-ellados,Make-A-Wish Greece
https://www.youbehero.com/gr/cause/mamagea,mamagea
https://www.youbehero.com/gr/cause/medasset,MEDASSET
https://www.youbehero.com/gr/cause/myartist,MYARTIST
https://www.youbehero.com/gr/cause/naomi,Naomi - Οικουμενικό Εργαστήριο Προσφύγων Θεσσαλονίκης
https://www.youbehero.com/gr/cause/openous,Openous
https://www.youbehero.com/gr/cause/people-behind,People Behind
https://www.youbehero.com/gr/cause/praksis,Praksis
https://www.youbehero.com/gr/cause/save-your-hood,Save Your Hood
https://www.youbehero.com/gr/cause/scify-epistimi-gia-sena,SciCo - Επιστήμη Επικοινωνία
https://www.youbehero.com/gr/cause/social-hackers-academy,Social Hackers Academy
https://www.youbehero.com/gr/cause/socialinnov,Socialinnov
https://www.youbehero.com/gr/cause/spin-space-innovation,SPIN – Space Innovation
https://www.youbehero.com/gr/cause/the-bee-camp,The Bee Camp
https://www.youbehero.com/gr/cause/we-need-books,We Need Books
https://www.youbehero.com/gr/cause/women-do-business,Women Do Business
https://www.youbehero.com/gr/cause/a21-enantia-stin-emporia-anthropon,Α21 - Καταργώντας την αδικία στον 21ο αιώνα
https://youbehero.com/gr/cause/aggeloi-tis-charas,Άγγελοι της Χαράς
https://www.youbehero.com/gr/cause/aggeloi-tis-charas,Άγγελοι της Χαράς
https://www.youbehero.com/gr/cause/alma-zois,ΑΛΜΑ ΖΩΗΣ - Πανελλήνιος Σύλλογος Γυναικών με Καρκίνο Μαστού
https://www.youbehero.com/gr/cause/amimoni,Αμυμώνη
https://www.youbehero.com/gr/cause/sillogos-goneon-kai-filon-autistikon-atomon-anagennisi,Αναγέννηση - Σύλλογος Γονέων & Φίλων Αυτιστικών Ατόμων
https://www.youbehero.com/gr/cause/arcturos,Αρκτούρος
https://www.youbehero.com/gr/cause/veniamin,ΒΕΝΙΑΜΙΝ - Σύλλογος Προστασίας Παιδιών
https://www.youbehero.com/gr/cause/gefira-zois,Γέφυρα Ζωής
https://www.youbehero.com/gr/cause/giatroi-xoris-sinora-(MSF),Γιατροί Χωρίς Σύνορα (MSF) Greece
https://www.youbehero.com/gr/cause/desmos,Δεσμός
https://www.youbehero.com/gr/cause/diavazo-gia-tous-allous,Διαβάζω για τους άλλους
https://www.youbehero.com/gr/cause/diktio-gia-ta-dikaiomata-tou-paidiou-network-for-children-s-rights,Δίκτυο για τα Δικαιώματα του Παιδιού
https://www.youbehero.com/gr/cause/ethelontiki-omada-diasosis-kai-igionomikon-apostolon,Εθελοντική Ομάδα Διάσωσης & Υγειονομικών Αποστολών (ΕΟΔΥΑ)
https://www.youbehero.com/gr/cause/ikastiko-theatro-kouklas-prassin-aloga,"""Εικαστικό Θέατρο Κούκλας """"Πράσσειν Άλογα"""""""
https://www.youbehero.com/gr/cause/eliza,ΕΛΙΖΑ - Εταιρία κατά της Κακοποίησης του Παιδιού
https://www.youbehero.com/gr/cause/enosi-kirion-dramas,Ένωση Κυριών Δράμας
https://www.youbehero.com/gr/cause/dose-zoi,"""Εταιρεία Αρωγής Παιδιών με Αναπηρία """"ΔΩΣΕ ΖΩΗ"""""""
https://www.youbehero.com/gr/cause/pagkritios-sillogos-goneon-kai-filon-paidion-me-neoplasia-iliachtida,Ηλιακτίδα
https://www.youbehero.com/gr/cause/amke-iasis,ΙΑΣΙΣ
https://www.youbehero.com/gr/cause/idrima-tzeni-karezi,Ίδρυμα Τζένη Καρέζη - Μονάδα Ανακούφισης Πόνου και Παρηγορητικής Αγωγής
https://www.youbehero.com/gr/cause/kentro-kathodigisis-karkinopathon-kapa3,Κ3 - Κέντρο Καθοδήγησης Καρκινοπαθών
https://www.youbehero.com/gr/cause/kath-odon,Καθ΄Οδόν
https://www.youbehero.com/gr/cause/katheti,Καθετή
https://www.youbehero.com/gr/cause/keepea-orizontes,Κέντρο Ειδικής Εκπαίδευσης Παιδιών & Ενηλίκων με Αναπηρία (Κ.Ε.Ε.Π.Ε.Α.) «Ορίζοντες»
https://www.youbehero.com/gr/cause/kentro-paidiou-kai-efivou,Κέντρο Παιδιού και Εφήβου
https://www.youbehero.com/gr/cause/kivotos-tou-kosmou,Κιβωτός του Κόσμου
https://www.youbehero.com/gr/cause/frontizo,Κοινωφελές Σωματείο Φροντίζω
https://www.youbehero.com/gr/cause/merimna,Μέριμνα
https://www.youbehero.com/gr/cause/ikologiki-etairia-anakiklosis,Οικολογική Εταιρεία Ανακύκλωσης
https://www.youbehero.com/gr/cause/paidiki-agkalia,Παιδική Αγκαλιά
https://www.youbehero.com/gr/cause/ippothesis,Πανελλήνιος Σύλλογος Προστασίας Ιπποειδών (Ippothesis)
https://www.youbehero.com/gr/cause/pnoi-elpidas,Πνοή Ελπίδας
https://www.youbehero.com/gr/cause/sillogos-asthenon-ipatos-ellados-promitheas,Προμηθέας - Σύλλογος Ασθενών Ήπατος Ελλάδος
https://www.youbehero.com/gr/cause/skiloi-voithoi-elladas,Σκύλοι Βοηθοί Ελλάδας
https://www.youbehero.com/gr/cause/sillogos-gia-tin-psichiki-igia-sopsi-patras,Σύλλογος για τη Ψυχική Υγεία - ΣΟΨΥ Πάτρας
https://www.youbehero.com/gr/cause/sillogos-kinonikis-paremvasis-erasmos,Σύλλογος Κοινωνικής Παρέμβασης Έρασμος
https://www.youbehero.com/gr/cause/sillogos-nosilia,Σύλλογος Νοσηλεία
https://www.youbehero.com/gr/cause/sillogos-petalouda,Σύλλογος Σκελετικής Υγείας Πεταλούδα
https://www.youbehero.com/gr/cause/sindesmos-therapeutikis-ippasias-elladas-sthie,Σύνδεσμος Θεραπευτικής Ιππασίας
https://www.youbehero.com/gr/cause/scholi-skilon-odigon-lara,Σχολή Σκύλων Οδηγών Λάρα
https://www.youbehero.com/gr/cause/soma-ellinon-proskopon,Σώμα Ελλήνων Προσκόπων
https://www.youbehero.com/gr/cause/to-foteino-asteri,Το Φωτεινό Αστέρι
https://www.youbehero.com/gr/cause/fainareti,Φαιναρέτη
https://www.youbehero.com/gr/cause/kinoniki-merimna-moschatou,ΦΙΛΑΝΘΡΩΠΙΚΟ ΣΩΜΑΤΕΙΟ ΚΟΙΝΩΝΙΚΗ ΜΕΡΙΜΝΑ ΜΟΣΧΑΤΟΥ-“ΔΙΟΝΥΣΙΟΣ ΘΕΟΦΙΛΑΤΟΣ”
https://www.youbehero.com/gr/cause/frodida,Φροντίδα - Πανελλήνιος Σύλλογος για Άτομα με Εγκεφαλική Παράλυση
